company_name,clutch_profile_url,company_website_url
Andersen Inc.,https://clutch.co/profile/andersen,https://andersenlab.com
N-iX,https://clutch.co/profile/n-ix,https://www.n-ix.com/custom-software-development/?utm_source=clutch.co&utm_medium=referral&utm_campaign=profile+link++
Dualboot Partners,https://clutch.co/profile/dualboot-partners,https://dualbootpartners.com/?utm_source=clutch.co&utm_medium=referral&utm_campaign=directory
Simform,https://clutch.co/profile/simform,https://www.simform.com/?utm_source=clutch.co&utm_medium=referral&utm_campaign=directory
techahead,https://clutch.co/profile/techahead,https://www.techaheadcorp.com/?utm_source=clutch.co&utm_medium=referral&utm_campaign=directory
Software Mind,https://clutch.co/profile/software-mind,https://softwaremind.com/?utm_source=clutch.co&utm_medium=referral&utm_campaign=directory
Yalantis,https://clutch.co/profile/yalantis,https://yalantis.com/?utm_source=clutch.co&utm_medium=referral&utm_campaign=profile
Innowise,https://clutch.co/profile/innowise,https://innowise.com/?utm_source=clutch.co&utm_medium=referral&utm_campaign=clutch
Sigma Software Group,https://clutch.co/profile/sigma-software-group,https://sigma.software/?utm_source=clutch.co&utm_medium=referral&utm_campaign=directory
Adastra,https://clutch.co/profile/adastra,https://adastracorp.com/?utm_source=clutch.co&utm_medium=referral&utm_campaign=directory
